{
	"$schema": "https://schemas.wp.org/trunk/theme.json",
	"version": 2,
	"title": "Leaf",
	"settings": {
		"color": {
			"palette": [
				{
					"color": "#598068",
					"name": "Primary",
					"slug": "primary"
				},
				{
					"color": "#486453",
					"name": "Mono 2",
					"slug": "mono-2"
				},
				{
					"color": "#FFFFFF",
					"name": "Contrast Light",
					"slug": "contrast-light"
				},
				{
					"color": "#000000",
					"name": "Contrast Dark",
					"slug": "contrast-dark"
				},
				{
					"color": "#CCE1D3",
					"name": "Base",
					"slug": "base"
				},
				{
					"color": "#2B4134",
					"name": "Mono 1",
					"slug": "mono-1"
				},
				{
					"color": "#BACAC0",
					"name": "Mono 3",
					"slug": "mono-3"
				},
				{
					"color": "#BED4C6",
					"name": "Mono 4",
					"slug": "mono-4"
				},
				{
					"color": "#426851",
					"name": "Primary Hover",
					"slug": "primary-hover"
				}
			]
		}
	}
}
